--
-- PostgreSQL database dump
--

-- Dumped from database version 17.2
-- Dumped by pg_dump version 17.2

SET statement_timeout = 0;
SET lock_timeout = 0;
SET idle_in_transaction_session_timeout = 0;
SET transaction_timeout = 0;
SET client_encoding = 'UTF8';
SET standard_conforming_strings = on;
SELECT pg_catalog.set_config('search_path', '', false);
SET check_function_bodies = false;
SET xmloption = content;
SET client_min_messages = warning;
SET row_security = off;

SET default_tablespace = '';

SET default_table_access_method = heap;

--
-- Name: auth_group; Type: TABLE; Schema: public; Owner: django
--

CREATE TABLE public.auth_group (
    id integer NOT NULL,
    name character varying(150) NOT NULL
);


ALTER TABLE public.auth_group OWNER TO django;

--
-- Name: auth_group_id_seq; Type: SEQUENCE; Schema: public; Owner: django
--

ALTER TABLE public.auth_group ALTER COLUMN id ADD GENERATED BY DEFAULT AS IDENTITY (
    SEQUENCE NAME public.auth_group_id_seq
    START WITH 1
    INCREMENT BY 1
    NO MINVALUE
    NO MAXVALUE
    CACHE 1
);


--
-- Name: auth_group_permissions; Type: TABLE; Schema: public; Owner: django
--

CREATE TABLE public.auth_group_permissions (
    id bigint NOT NULL,
    group_id integer NOT NULL,
    permission_id integer NOT NULL
);


ALTER TABLE public.auth_group_permissions OWNER TO django;

--
-- Name: auth_group_permissions_id_seq; Type: SEQUENCE; Schema: public; Owner: django
--

ALTER TABLE public.auth_group_permissions ALTER COLUMN id ADD GENERATED BY DEFAULT AS IDENTITY (
    SEQUENCE NAME public.auth_group_permissions_id_seq
    START WITH 1
    INCREMENT BY 1
    NO MINVALUE
    NO MAXVALUE
    CACHE 1
);


--
-- Name: auth_permission; Type: TABLE; Schema: public; Owner: django
--

CREATE TABLE public.auth_permission (
    id integer NOT NULL,
    name character varying(255) NOT NULL,
    content_type_id integer NOT NULL,
    codename character varying(100) NOT NULL
);


ALTER TABLE public.auth_permission OWNER TO django;

--
-- Name: auth_permission_id_seq; Type: SEQUENCE; Schema: public; Owner: django
--

ALTER TABLE public.auth_permission ALTER COLUMN id ADD GENERATED BY DEFAULT AS IDENTITY (
    SEQUENCE NAME public.auth_permission_id_seq
    START WITH 1
    INCREMENT BY 1
    NO MINVALUE
    NO MAXVALUE
    CACHE 1
);


--
-- Name: auth_user; Type: TABLE; Schema: public; Owner: django
--

CREATE TABLE public.auth_user (
    id integer NOT NULL,
    password character varying(128) NOT NULL,
    last_login timestamp with time zone,
    is_superuser boolean NOT NULL,
    username character varying(150) NOT NULL,
    first_name character varying(150) NOT NULL,
    last_name character varying(150) NOT NULL,
    email character varying(254) NOT NULL,
    is_staff boolean NOT NULL,
    is_active boolean NOT NULL,
    date_joined timestamp with time zone NOT NULL
);


ALTER TABLE public.auth_user OWNER TO django;

--
-- Name: auth_user_groups; Type: TABLE; Schema: public; Owner: django
--

CREATE TABLE public.auth_user_groups (
    id bigint NOT NULL,
    user_id integer NOT NULL,
    group_id integer NOT NULL
);


ALTER TABLE public.auth_user_groups OWNER TO django;

--
-- Name: auth_user_groups_id_seq; Type: SEQUENCE; Schema: public; Owner: django
--

ALTER TABLE public.auth_user_groups ALTER COLUMN id ADD GENERATED BY DEFAULT AS IDENTITY (
    SEQUENCE NAME public.auth_user_groups_id_seq
    START WITH 1
    INCREMENT BY 1
    NO MINVALUE
    NO MAXVALUE
    CACHE 1
);


--
-- Name: auth_user_id_seq; Type: SEQUENCE; Schema: public; Owner: django
--

ALTER TABLE public.auth_user ALTER COLUMN id ADD GENERATED BY DEFAULT AS IDENTITY (
    SEQUENCE NAME public.auth_user_id_seq
    START WITH 1
    INCREMENT BY 1
    NO MINVALUE
    NO MAXVALUE
    CACHE 1
);


--
-- Name: auth_user_user_permissions; Type: TABLE; Schema: public; Owner: django
--

CREATE TABLE public.auth_user_user_permissions (
    id bigint NOT NULL,
    user_id integer NOT NULL,
    permission_id integer NOT NULL
);


ALTER TABLE public.auth_user_user_permissions OWNER TO django;

--
-- Name: auth_user_user_permissions_id_seq; Type: SEQUENCE; Schema: public; Owner: django
--

ALTER TABLE public.auth_user_user_permissions ALTER COLUMN id ADD GENERATED BY DEFAULT AS IDENTITY (
    SEQUENCE NAME public.auth_user_user_permissions_id_seq
    START WITH 1
    INCREMENT BY 1
    NO MINVALUE
    NO MAXVALUE
    CACHE 1
);


--
-- Name: django_admin_log; Type: TABLE; Schema: public; Owner: django
--

CREATE TABLE public.django_admin_log (
    id integer NOT NULL,
    action_time timestamp with time zone NOT NULL,
    object_id text,
    object_repr character varying(200) NOT NULL,
    action_flag smallint NOT NULL,
    change_message text NOT NULL,
    content_type_id integer,
    user_id integer NOT NULL,
    CONSTRAINT django_admin_log_action_flag_check CHECK ((action_flag >= 0))
);


ALTER TABLE public.django_admin_log OWNER TO django;

--
-- Name: django_admin_log_id_seq; Type: SEQUENCE; Schema: public; Owner: django
--

ALTER TABLE public.django_admin_log ALTER COLUMN id ADD GENERATED BY DEFAULT AS IDENTITY (
    SEQUENCE NAME public.django_admin_log_id_seq
    START WITH 1
    INCREMENT BY 1
    NO MINVALUE
    NO MAXVALUE
    CACHE 1
);


--
-- Name: django_content_type; Type: TABLE; Schema: public; Owner: django
--

CREATE TABLE public.django_content_type (
    id integer NOT NULL,
    app_label character varying(100) NOT NULL,
    model character varying(100) NOT NULL
);


ALTER TABLE public.django_content_type OWNER TO django;

--
-- Name: django_content_type_id_seq; Type: SEQUENCE; Schema: public; Owner: django
--

ALTER TABLE public.django_content_type ALTER COLUMN id ADD GENERATED BY DEFAULT AS IDENTITY (
    SEQUENCE NAME public.django_content_type_id_seq
    START WITH 1
    INCREMENT BY 1
    NO MINVALUE
    NO MAXVALUE
    CACHE 1
);


--
-- Name: django_migrations; Type: TABLE; Schema: public; Owner: django
--

CREATE TABLE public.django_migrations (
    id bigint NOT NULL,
    app character varying(255) NOT NULL,
    name character varying(255) NOT NULL,
    applied timestamp with time zone NOT NULL
);


ALTER TABLE public.django_migrations OWNER TO django;

--
-- Name: django_migrations_id_seq; Type: SEQUENCE; Schema: public; Owner: django
--

ALTER TABLE public.django_migrations ALTER COLUMN id ADD GENERATED BY DEFAULT AS IDENTITY (
    SEQUENCE NAME public.django_migrations_id_seq
    START WITH 1
    INCREMENT BY 1
    NO MINVALUE
    NO MAXVALUE
    CACHE 1
);


--
-- Name: django_session; Type: TABLE; Schema: public; Owner: django
--

CREATE TABLE public.django_session (
    session_key character varying(40) NOT NULL,
    session_data text NOT NULL,
    expire_date timestamp with time zone NOT NULL
);


ALTER TABLE public.django_session OWNER TO django;

--
-- Name: menu_contact; Type: TABLE; Schema: public; Owner: django
--

CREATE TABLE public.menu_contact (
    id bigint NOT NULL,
    name character varying(50) NOT NULL,
    contact character varying(50) NOT NULL
);


ALTER TABLE public.menu_contact OWNER TO django;

--
-- Name: menu_contact_id_seq; Type: SEQUENCE; Schema: public; Owner: django
--

ALTER TABLE public.menu_contact ALTER COLUMN id ADD GENERATED BY DEFAULT AS IDENTITY (
    SEQUENCE NAME public.menu_contact_id_seq
    START WITH 1
    INCREMENT BY 1
    NO MINVALUE
    NO MAXVALUE
    CACHE 1
);


--
-- Name: menu_dishes; Type: TABLE; Schema: public; Owner: django
--

CREATE TABLE public.menu_dishes (
    id bigint NOT NULL,
    dishes_name character varying(150) NOT NULL,
    description text NOT NULL,
    photo character varying(100) NOT NULL,
    category_id bigint NOT NULL
);


ALTER TABLE public.menu_dishes OWNER TO django;

--
-- Name: menu_dishes_category; Type: TABLE; Schema: public; Owner: django
--

CREATE TABLE public.menu_dishes_category (
    id bigint NOT NULL,
    type character varying(100) NOT NULL
);


ALTER TABLE public.menu_dishes_category OWNER TO django;

--
-- Name: menu_dishes_category_id_seq; Type: SEQUENCE; Schema: public; Owner: django
--

ALTER TABLE public.menu_dishes_category ALTER COLUMN id ADD GENERATED BY DEFAULT AS IDENTITY (
    SEQUENCE NAME public.menu_dishes_category_id_seq
    START WITH 1
    INCREMENT BY 1
    NO MINVALUE
    NO MAXVALUE
    CACHE 1
);


--
-- Name: menu_dishes_id_seq; Type: SEQUENCE; Schema: public; Owner: django
--

ALTER TABLE public.menu_dishes ALTER COLUMN id ADD GENERATED BY DEFAULT AS IDENTITY (
    SEQUENCE NAME public.menu_dishes_id_seq
    START WITH 1
    INCREMENT BY 1
    NO MINVALUE
    NO MAXVALUE
    CACHE 1
);


--
-- Name: menu_dishescategory; Type: TABLE; Schema: public; Owner: django
--

CREATE TABLE public.menu_dishescategory (
    id bigint NOT NULL,
    type character varying(100) NOT NULL
);


ALTER TABLE public.menu_dishescategory OWNER TO django;

--
-- Name: menu_dishescategory_id_seq; Type: SEQUENCE; Schema: public; Owner: django
--

ALTER TABLE public.menu_dishescategory ALTER COLUMN id ADD GENERATED BY DEFAULT AS IDENTITY (
    SEQUENCE NAME public.menu_dishescategory_id_seq
    START WITH 1
    INCREMENT BY 1
    NO MINVALUE
    NO MAXVALUE
    CACHE 1
);


--
-- Data for Name: auth_group; Type: TABLE DATA; Schema: public; Owner: django
--

COPY public.auth_group (id, name) FROM stdin;
\.


--
-- Data for Name: auth_group_permissions; Type: TABLE DATA; Schema: public; Owner: django
--

COPY public.auth_group_permissions (id, group_id, permission_id) FROM stdin;
\.


--
-- Data for Name: auth_permission; Type: TABLE DATA; Schema: public; Owner: django
--

COPY public.auth_permission (id, name, content_type_id, codename) FROM stdin;
1	Can add log entry	1	add_logentry
2	Can change log entry	1	change_logentry
3	Can delete log entry	1	delete_logentry
4	Can view log entry	1	view_logentry
5	Can add permission	2	add_permission
6	Can change permission	2	change_permission
7	Can delete permission	2	delete_permission
8	Can view permission	2	view_permission
9	Can add group	3	add_group
10	Can change group	3	change_group
11	Can delete group	3	delete_group
12	Can view group	3	view_group
13	Can add user	4	add_user
14	Can change user	4	change_user
15	Can delete user	4	delete_user
16	Can view user	4	view_user
17	Can add content type	5	add_contenttype
18	Can change content type	5	change_contenttype
19	Can delete content type	5	delete_contenttype
20	Can view content type	5	view_contenttype
21	Can add session	6	add_session
22	Can change session	6	change_session
23	Can delete session	6	delete_session
24	Can view session	6	view_session
25	Can add dishes_ category	7	add_dishes_category
26	Can change dishes_ category	7	change_dishes_category
27	Can delete dishes_ category	7	delete_dishes_category
28	Can view dishes_ category	7	view_dishes_category
29	Can add dishes	8	add_dishes
30	Can change dishes	8	change_dishes
31	Can delete dishes	8	delete_dishes
32	Can view dishes	8	view_dishes
33	Can add dishes category	9	add_dishescategory
34	Can change dishes category	9	change_dishescategory
35	Can delete dishes category	9	delete_dishescategory
36	Can view dishes category	9	view_dishescategory
37	Can add Телефон	10	add_contact
38	Can change Телефон	10	change_contact
39	Can delete Телефон	10	delete_contact
40	Can view Телефон	10	view_contact
\.


--
-- Data for Name: auth_user; Type: TABLE DATA; Schema: public; Owner: django
--

COPY public.auth_user (id, password, last_login, is_superuser, username, first_name, last_name, email, is_staff, is_active, date_joined) FROM stdin;
1	pbkdf2_sha256$1000000$T1xDn22B6IyFRdBlhDeXXA$C5OlUUOdQFyhj1w/slcpK1M2SHejT4CUu1QDcz/ztIM=	2025-07-13 17:38:12.365343+03	t	ROMANPETPROJECT			admin@admin.ru	t	t	2025-07-13 17:37:40.382491+03
\.


--
-- Data for Name: auth_user_groups; Type: TABLE DATA; Schema: public; Owner: django
--

COPY public.auth_user_groups (id, user_id, group_id) FROM stdin;
\.


--
-- Data for Name: auth_user_user_permissions; Type: TABLE DATA; Schema: public; Owner: django
--

COPY public.auth_user_user_permissions (id, user_id, permission_id) FROM stdin;
\.


--
-- Data for Name: django_admin_log; Type: TABLE DATA; Schema: public; Owner: django
--

COPY public.django_admin_log (id, action_time, object_id, object_repr, action_flag, change_message, content_type_id, user_id) FROM stdin;
1	2025-07-13 17:44:20.877297+03	1	Dishes_Category object (1)	1	[{"added": {}}]	7	1
2	2025-07-13 19:28:41.22979+03	1	Dishes object (1)	1	[{"added": {}}]	8	1
3	2025-07-13 19:29:20.100342+03	2	Dishes object (2)	1	[{"added": {}}]	8	1
4	2025-07-13 19:31:17.458702+03	3	Dishes object (3)	1	[{"added": {}}]	8	1
5	2025-07-13 19:31:45.754037+03	4	Dishes object (4)	1	[{"added": {}}]	8	1
6	2025-07-13 19:32:01.057258+03	5	Dishes object (5)	1	[{"added": {}}]	8	1
7	2025-07-13 19:32:21.031057+03	6	Dishes object (6)	1	[{"added": {}}]	8	1
8	2025-07-13 19:32:48.477974+03	7	Dishes object (7)	1	[{"added": {}}]	8	1
9	2025-07-13 19:33:05.493868+03	8	Dishes object (8)	1	[{"added": {}}]	8	1
10	2025-07-13 19:33:26.395699+03	9	Dishes object (9)	1	[{"added": {}}]	8	1
11	2025-07-13 19:33:48.817625+03	10	Dishes object (10)	1	[{"added": {}}]	8	1
12	2025-07-13 21:56:59.689003+03	11	Dishes object (11)	1	[{"added": {}}]	8	1
13	2025-07-13 21:58:10.063877+03	11	Dishes object (11)	2	[{"changed": {"fields": ["\\u0424\\u043e\\u0442\\u043e\\u0433\\u0440\\u0430\\u0444\\u0438\\u044f"]}}]	8	1
14	2025-07-13 22:02:32.489941+03	11	Dishes object (11)	2	[{"changed": {"fields": ["\\u0424\\u043e\\u0442\\u043e\\u0433\\u0440\\u0430\\u0444\\u0438\\u044f"]}}]	8	1
15	2025-07-13 22:08:15.999238+03	11	Dishes object (11)	2	[{"changed": {"fields": ["\\u0424\\u043e\\u0442\\u043e\\u0433\\u0440\\u0430\\u0444\\u0438\\u044f"]}}]	8	1
16	2025-07-13 22:12:03.706994+03	11	Dishes object (11)	2	[{"changed": {"fields": ["\\u0424\\u043e\\u0442\\u043e\\u0433\\u0440\\u0430\\u0444\\u0438\\u044f"]}}]	8	1
17	2025-07-13 22:13:28.403622+03	11	Dishes object (11)	2	[{"changed": {"fields": ["\\u0424\\u043e\\u0442\\u043e\\u0433\\u0440\\u0430\\u0444\\u0438\\u044f"]}}]	8	1
18	2025-07-13 22:13:47.499447+03	11	Dishes object (11)	2	[{"changed": {"fields": ["\\u0424\\u043e\\u0442\\u043e\\u0433\\u0440\\u0430\\u0444\\u0438\\u044f"]}}]	8	1
19	2025-07-13 22:16:01.071111+03	10	Dishes object (10)	2	[]	8	1
20	2025-07-13 22:16:07.099819+03	9	Dishes object (9)	2	[]	8	1
21	2025-07-13 22:16:26.627054+03	8	Dishes object (8)	2	[{"changed": {"fields": ["\\u0424\\u043e\\u0442\\u043e\\u0433\\u0440\\u0430\\u0444\\u0438\\u044f"]}}]	8	1
22	2025-07-13 22:21:23.344638+03	11	Dishes object (11)	3		8	1
23	2025-07-13 22:21:39.839253+03	8	Dishes object (8)	2	[{"changed": {"fields": ["\\u0424\\u043e\\u0442\\u043e\\u0433\\u0440\\u0430\\u0444\\u0438\\u044f"]}}]	8	1
24	2025-07-13 22:21:43.775054+03	9	Dishes object (9)	2	[]	8	1
25	2025-07-13 22:22:05.268939+03	9	Dishes object (9)	2	[{"changed": {"fields": ["\\u0424\\u043e\\u0442\\u043e\\u0433\\u0440\\u0430\\u0444\\u0438\\u044f"]}}]	8	1
26	2025-07-13 22:22:34.76341+03	10	Dishes object (10)	2	[{"changed": {"fields": ["\\u0424\\u043e\\u0442\\u043e\\u0433\\u0440\\u0430\\u0444\\u0438\\u044f"]}}]	8	1
27	2025-07-13 22:22:43.030578+03	1	Dishes object (1)	2	[{"changed": {"fields": ["\\u0424\\u043e\\u0442\\u043e\\u0433\\u0440\\u0430\\u0444\\u0438\\u044f"]}}]	8	1
28	2025-07-13 22:22:52.476994+03	2	Dishes object (2)	2	[{"changed": {"fields": ["\\u0424\\u043e\\u0442\\u043e\\u0433\\u0440\\u0430\\u0444\\u0438\\u044f"]}}]	8	1
29	2025-07-13 22:23:08.841389+03	3	Dishes object (3)	2	[{"changed": {"fields": ["\\u0424\\u043e\\u0442\\u043e\\u0433\\u0440\\u0430\\u0444\\u0438\\u044f"]}}]	8	1
30	2025-07-13 22:23:21.128369+03	4	Dishes object (4)	2	[{"changed": {"fields": ["\\u0424\\u043e\\u0442\\u043e\\u0433\\u0440\\u0430\\u0444\\u0438\\u044f"]}}]	8	1
31	2025-07-13 22:23:39.855839+03	5	Dishes object (5)	2	[{"changed": {"fields": ["\\u0424\\u043e\\u0442\\u043e\\u0433\\u0440\\u0430\\u0444\\u0438\\u044f"]}}]	8	1
32	2025-07-13 22:23:49.3652+03	6	Dishes object (6)	2	[{"changed": {"fields": ["\\u0424\\u043e\\u0442\\u043e\\u0433\\u0440\\u0430\\u0444\\u0438\\u044f"]}}]	8	1
33	2025-07-13 22:24:02.784704+03	7	Dishes object (7)	2	[{"changed": {"fields": ["\\u0424\\u043e\\u0442\\u043e\\u0433\\u0440\\u0430\\u0444\\u0438\\u044f"]}}]	8	1
34	2025-07-14 01:25:12.613018+03	12	Dishes object (12)	1	[{"added": {}}]	8	1
35	2025-07-14 01:33:14.607669+03	13	Dishes object (13)	1	[{"added": {}}]	8	1
36	2025-07-14 01:34:10.731324+03	14	Dishes object (14)	1	[{"added": {}}]	8	1
37	2025-07-14 01:43:33.997675+03	15	Dishes object (15)	1	[{"added": {}}]	8	1
38	2025-07-14 01:44:12.534737+03	16	Dishes object (16)	1	[{"added": {}}]	8	1
39	2025-07-14 01:45:32.575138+03	17	Dishes object (17)	1	[{"added": {}}]	8	1
40	2025-07-14 01:46:24.549665+03	18	Dishes object (18)	1	[{"added": {}}]	8	1
41	2025-07-14 01:47:07.407169+03	19	Dishes object (19)	1	[{"added": {}}]	8	1
42	2025-07-14 01:49:00.678861+03	20	Dishes object (20)	1	[{"added": {}}]	8	1
\.


--
-- Data for Name: django_content_type; Type: TABLE DATA; Schema: public; Owner: django
--

COPY public.django_content_type (id, app_label, model) FROM stdin;
1	admin	logentry
2	auth	permission
3	auth	group
4	auth	user
5	contenttypes	contenttype
6	sessions	session
7	menu	dishes_category
8	menu	dishes
9	menu	dishescategory
10	menu	contact
\.


--
-- Data for Name: django_migrations; Type: TABLE DATA; Schema: public; Owner: django
--

COPY public.django_migrations (id, app, name, applied) FROM stdin;
1	contenttypes	0001_initial	2025-07-13 17:34:53.661384+03
2	auth	0001_initial	2025-07-13 17:34:53.721929+03
3	admin	0001_initial	2025-07-13 17:34:53.732456+03
4	admin	0002_logentry_remove_auto_add	2025-07-13 17:34:53.741599+03
5	admin	0003_logentry_add_action_flag_choices	2025-07-13 17:34:53.741599+03
6	contenttypes	0002_remove_content_type_name	2025-07-13 17:34:53.756912+03
7	auth	0002_alter_permission_name_max_length	2025-07-13 17:34:53.762467+03
8	auth	0003_alter_user_email_max_length	2025-07-13 17:34:53.765838+03
9	auth	0004_alter_user_username_opts	2025-07-13 17:34:53.771501+03
10	auth	0005_alter_user_last_login_null	2025-07-13 17:34:53.775418+03
11	auth	0006_require_contenttypes_0002	2025-07-13 17:34:53.775418+03
12	auth	0007_alter_validators_add_error_messages	2025-07-13 17:34:53.781045+03
13	auth	0008_alter_user_username_max_length	2025-07-13 17:34:53.790467+03
14	auth	0009_alter_user_last_name_max_length	2025-07-13 17:34:53.791802+03
15	auth	0010_alter_group_name_max_length	2025-07-13 17:34:53.80035+03
16	auth	0011_update_proxy_permissions	2025-07-13 17:34:53.802411+03
17	auth	0012_alter_user_first_name_max_length	2025-07-13 17:34:53.802411+03
18	menu	0001_initial	2025-07-13 17:34:53.813572+03
19	sessions	0001_initial	2025-07-13 17:34:53.822164+03
20	menu	0002_rename_name_of_dish_dishes_dishes_name	2025-07-13 17:51:57.797023+03
24	menu	0003_alter_dishes_options_alter_dishes_category_options_and_more	2025-07-14 00:01:37.340243+03
26	menu	0004_dishescategory	2025-07-14 02:35:52.746358+03
27	menu	0004_contact_alter_dishes_category_type	2025-07-14 02:39:23.439312+03
\.


--
-- Data for Name: django_session; Type: TABLE DATA; Schema: public; Owner: django
--

COPY public.django_session (session_key, session_data, expire_date) FROM stdin;
bwro2j0o5nwj2azxdlg5z472jzkc0kvr	.eJxVjEEOwiAQRe_C2pChDCgu3XuGhpkBqRpISrsy3l2bdKHb_977LzXGdSnj2tM8TqLOyqjD70aRH6luQO6x3prmVpd5Ir0peqddX5uk52V3_w5K7OVbB2sJHeZgomeLgSUPQ2II2bMTAvQmAeCJUcLRZytkDQJHA5ydT6TeH9x6N_U:1uaxqF:-WepCCBJWxuO-lJDW2FXevbZ2R3C65bUF9dCazFjoz4	2025-07-27 17:38:11.334813+03
hj00su4l5ohbajlaw0qk0m8qze5n1xqh	.eJxVjEEOwiAQRe_C2pChDCgu3XuGhpkBqRpISrsy3l2bdKHb_977LzXGdSnj2tM8TqLOyqjD70aRH6luQO6x3prmVpd5Ir0peqddX5uk52V3_w5K7OVbB2sJHeZgomeLgSUPQ2II2bMTAvQmAeCJUcLRZytkDQJHA5ydT6TeH9x6N_U:1uaxqG:dfR3TfiJKHrGBRX1u4YXQJGfYUeLuJTiNapGglhnHLU	2025-07-27 17:38:12.368593+03
\.


--
-- Data for Name: menu_contact; Type: TABLE DATA; Schema: public; Owner: django
--

COPY public.menu_contact (id, name, contact) FROM stdin;
1	Виталя	12345
2	Роман	12345
\.


--
-- Data for Name: menu_dishes; Type: TABLE DATA; Schema: public; Owner: django
--

COPY public.menu_dishes (id, dishes_name, description, photo, category_id) FROM stdin;
15	Салат с тунцом	Листья салата, консервированный тунец, красный лук, вареные яйца и оливковое масло.	dishes/С_тунцом.jpg	2
16	Винегрет	Отварная свекла, картофель, морковь, соленые огурцы и зеленый горошек с растительным маслом.	dishes/Винегрет.jpg	2
17	Салат «Оливье»	Вареный картофель, морковь, яйца, соленые огурцы, горошек и майонез.	dishes/Оливье.jpg	2
18	Капрезе	Помидоры, моцарелла, базилик, оливковое масло и бальзамический уксус.	dishes/Капрезе.jpg	2
19	Салат с авокадо и креветками	Свежий авокадо, отварные креветки, листья салата и лимонный соус.	dishes/Креветки.jpg	2
20	Теплый салат с говядиной	Обжаренная говядина, микс салатов, черри и соус из горчицы и меда.	dishes/Салат_с_говядиной.jpg	2
8	Филе сибаса с пряной корочкой	Обжаренный сибас с цитрусовым соусом и овощным соте	dishes/Без_названия_5.jpg	8
9	Томагавк-стейк	Мраморная говядина на кости, прожарка на выбор, с соусом пеппер и картофелем	dishes/Без_названия_6_vKqbv1D.jpg	9
10	Рататуй по-провансальски	Тонко нарезанные овощи, запечённые под томатным соусом с травами Прованса	dishes/Без_названия_7.jpg	10
1	Тар-тар из тунца с авокадо	Свежий тунец, нарезанный кубиками, с пюре из авокадо, лаймом и кунжутным маслом	dishes/tartar-is-tynca-1024x1024.jpg	1
2	Салат с креветками и манго	Тигровые креветки, манго, микс-салат и остро-сладкая заправка	dishes/salat-iz-krevetok-s-mocarelloi-9.jpg	2
3	Том Ям с морепродуктами	Тайский острый суп с креветками, кальмарами, грибами и кокосовым молоком	dishes/Без_названия.jpg	3
4	Утиная ножка конфи	Томлённая утиная ножка в собственном жиру с картофельным гратеном и вишнёвым соусом	dishes/Без_названия_1_rRNCt6G.jpg	4
5	Павлова с малиной	Хрустящая безе с мягкой серединкой, сливочным кремом и свежей малиной	dishes/Без_названия_2.jpg	5
6	Айс матча латте	Освежающий холодный напиток на основе зелёного чая матча и миндального молока	dishes/Без_названия_3.jpg	6
7	Паппарделле с белыми грибами и трюфельным маслом	Широкая паста с нежным сливочным соусом, белыми грибами и ароматом трюфеля	dishes/Без_названия_4.jpg	7
12	Овощной салат	Легкий салат для тех, кто сидит на диете или занимается спортом	dishes/Овощной.jpg	2
13	Цезарь с курицей	Классический салат с хрустящим романо, курицей-гриль, пармезаном и соусом Цезарь.	dishes/Цезарь.jpg	2
14	Греческий салат	Свежие огурцы, помидоры, красный лук, оливки, фета и орегано с оливковым маслом.	dishes/Греческий.jpg	2
\.


--
-- Data for Name: menu_dishes_category; Type: TABLE DATA; Schema: public; Owner: django
--

COPY public.menu_dishes_category (id, type) FROM stdin;
1	Закуски
2	Салаты
3	Супы
4	Горячие блюда
5	Десерты
6	Напитки
7	Паста
8	Рыбные блюда
9	Мясные блюда
10	Вегетарианское
\.


--
-- Data for Name: menu_dishescategory; Type: TABLE DATA; Schema: public; Owner: django
--

COPY public.menu_dishescategory (id, type) FROM stdin;
\.


--
-- Name: auth_group_id_seq; Type: SEQUENCE SET; Schema: public; Owner: django
--

SELECT pg_catalog.setval('public.auth_group_id_seq', 1, false);


--
-- Name: auth_group_permissions_id_seq; Type: SEQUENCE SET; Schema: public; Owner: django
--

SELECT pg_catalog.setval('public.auth_group_permissions_id_seq', 1, false);


--
-- Name: auth_permission_id_seq; Type: SEQUENCE SET; Schema: public; Owner: django
--

SELECT pg_catalog.setval('public.auth_permission_id_seq', 40, true);


--
-- Name: auth_user_groups_id_seq; Type: SEQUENCE SET; Schema: public; Owner: django
--

SELECT pg_catalog.setval('public.auth_user_groups_id_seq', 1, false);


--
-- Name: auth_user_id_seq; Type: SEQUENCE SET; Schema: public; Owner: django
--

SELECT pg_catalog.setval('public.auth_user_id_seq', 1, true);


--
-- Name: auth_user_user_permissions_id_seq; Type: SEQUENCE SET; Schema: public; Owner: django
--

SELECT pg_catalog.setval('public.auth_user_user_permissions_id_seq', 1, false);


--
-- Name: django_admin_log_id_seq; Type: SEQUENCE SET; Schema: public; Owner: django
--

SELECT pg_catalog.setval('public.django_admin_log_id_seq', 42, true);


--
-- Name: django_content_type_id_seq; Type: SEQUENCE SET; Schema: public; Owner: django
--

SELECT pg_catalog.setval('public.django_content_type_id_seq', 10, true);


--
-- Name: django_migrations_id_seq; Type: SEQUENCE SET; Schema: public; Owner: django
--

SELECT pg_catalog.setval('public.django_migrations_id_seq', 27, true);


--
-- Name: menu_contact_id_seq; Type: SEQUENCE SET; Schema: public; Owner: django
--

SELECT pg_catalog.setval('public.menu_contact_id_seq', 2, true);


--
-- Name: menu_dishes_category_id_seq; Type: SEQUENCE SET; Schema: public; Owner: django
--

SELECT pg_catalog.setval('public.menu_dishes_category_id_seq', 10, true);


--
-- Name: menu_dishes_id_seq; Type: SEQUENCE SET; Schema: public; Owner: django
--

SELECT pg_catalog.setval('public.menu_dishes_id_seq', 20, true);


--
-- Name: menu_dishescategory_id_seq; Type: SEQUENCE SET; Schema: public; Owner: django
--

SELECT pg_catalog.setval('public.menu_dishescategory_id_seq', 1, false);


--
-- Name: auth_group auth_group_name_key; Type: CONSTRAINT; Schema: public; Owner: django
--

ALTER TABLE ONLY public.auth_group
    ADD CONSTRAINT auth_group_name_key UNIQUE (name);


--
-- Name: auth_group_permissions auth_group_permissions_group_id_permission_id_0cd325b0_uniq; Type: CONSTRAINT; Schema: public; Owner: django
--

ALTER TABLE ONLY public.auth_group_permissions
    ADD CONSTRAINT auth_group_permissions_group_id_permission_id_0cd325b0_uniq UNIQUE (group_id, permission_id);


--
-- Name: auth_group_permissions auth_group_permissions_pkey; Type: CONSTRAINT; Schema: public; Owner: django
--

ALTER TABLE ONLY public.auth_group_permissions
    ADD CONSTRAINT auth_group_permissions_pkey PRIMARY KEY (id);


--
-- Name: auth_group auth_group_pkey; Type: CONSTRAINT; Schema: public; Owner: django
--

ALTER TABLE ONLY public.auth_group
    ADD CONSTRAINT auth_group_pkey PRIMARY KEY (id);


--
-- Name: auth_permission auth_permission_content_type_id_codename_01ab375a_uniq; Type: CONSTRAINT; Schema: public; Owner: django
--

ALTER TABLE ONLY public.auth_permission
    ADD CONSTRAINT auth_permission_content_type_id_codename_01ab375a_uniq UNIQUE (content_type_id, codename);


--
-- Name: auth_permission auth_permission_pkey; Type: CONSTRAINT; Schema: public; Owner: django
--

ALTER TABLE ONLY public.auth_permission
    ADD CONSTRAINT auth_permission_pkey PRIMARY KEY (id);


--
-- Name: auth_user_groups auth_user_groups_pkey; Type: CONSTRAINT; Schema: public; Owner: django
--

ALTER TABLE ONLY public.auth_user_groups
    ADD CONSTRAINT auth_user_groups_pkey PRIMARY KEY (id);


--
-- Name: auth_user_groups auth_user_groups_user_id_group_id_94350c0c_uniq; Type: CONSTRAINT; Schema: public; Owner: django
--

ALTER TABLE ONLY public.auth_user_groups
    ADD CONSTRAINT auth_user_groups_user_id_group_id_94350c0c_uniq UNIQUE (user_id, group_id);


--
-- Name: auth_user auth_user_pkey; Type: CONSTRAINT; Schema: public; Owner: django
--

ALTER TABLE ONLY public.auth_user
    ADD CONSTRAINT auth_user_pkey PRIMARY KEY (id);


--
-- Name: auth_user_user_permissions auth_user_user_permissions_pkey; Type: CONSTRAINT; Schema: public; Owner: django
--

ALTER TABLE ONLY public.auth_user_user_permissions
    ADD CONSTRAINT auth_user_user_permissions_pkey PRIMARY KEY (id);


--
-- Name: auth_user_user_permissions auth_user_user_permissions_user_id_permission_id_14a6b632_uniq; Type: CONSTRAINT; Schema: public; Owner: django
--

ALTER TABLE ONLY public.auth_user_user_permissions
    ADD CONSTRAINT auth_user_user_permissions_user_id_permission_id_14a6b632_uniq UNIQUE (user_id, permission_id);


--
-- Name: auth_user auth_user_username_key; Type: CONSTRAINT; Schema: public; Owner: django
--

ALTER TABLE ONLY public.auth_user
    ADD CONSTRAINT auth_user_username_key UNIQUE (username);


--
-- Name: django_admin_log django_admin_log_pkey; Type: CONSTRAINT; Schema: public; Owner: django
--

ALTER TABLE ONLY public.django_admin_log
    ADD CONSTRAINT django_admin_log_pkey PRIMARY KEY (id);


--
-- Name: django_content_type django_content_type_app_label_model_76bd3d3b_uniq; Type: CONSTRAINT; Schema: public; Owner: django
--

ALTER TABLE ONLY public.django_content_type
    ADD CONSTRAINT django_content_type_app_label_model_76bd3d3b_uniq UNIQUE (app_label, model);


--
-- Name: django_content_type django_content_type_pkey; Type: CONSTRAINT; Schema: public; Owner: django
--

ALTER TABLE ONLY public.django_content_type
    ADD CONSTRAINT django_content_type_pkey PRIMARY KEY (id);


--
-- Name: django_migrations django_migrations_pkey; Type: CONSTRAINT; Schema: public; Owner: django
--

ALTER TABLE ONLY public.django_migrations
    ADD CONSTRAINT django_migrations_pkey PRIMARY KEY (id);


--
-- Name: django_session django_session_pkey; Type: CONSTRAINT; Schema: public; Owner: django
--

ALTER TABLE ONLY public.django_session
    ADD CONSTRAINT django_session_pkey PRIMARY KEY (session_key);


--
-- Name: menu_contact menu_contact_pkey; Type: CONSTRAINT; Schema: public; Owner: django
--

ALTER TABLE ONLY public.menu_contact
    ADD CONSTRAINT menu_contact_pkey PRIMARY KEY (id);


--
-- Name: menu_dishes_category menu_dishes_category_pkey; Type: CONSTRAINT; Schema: public; Owner: django
--

ALTER TABLE ONLY public.menu_dishes_category
    ADD CONSTRAINT menu_dishes_category_pkey PRIMARY KEY (id);


--
-- Name: menu_dishes_category menu_dishes_category_type_feb86068_uniq; Type: CONSTRAINT; Schema: public; Owner: django
--

ALTER TABLE ONLY public.menu_dishes_category
    ADD CONSTRAINT menu_dishes_category_type_feb86068_uniq UNIQUE (type);


--
-- Name: menu_dishes menu_dishes_pkey; Type: CONSTRAINT; Schema: public; Owner: django
--

ALTER TABLE ONLY public.menu_dishes
    ADD CONSTRAINT menu_dishes_pkey PRIMARY KEY (id);


--
-- Name: menu_dishescategory menu_dishescategory_pkey; Type: CONSTRAINT; Schema: public; Owner: django
--

ALTER TABLE ONLY public.menu_dishescategory
    ADD CONSTRAINT menu_dishescategory_pkey PRIMARY KEY (id);


--
-- Name: menu_dishescategory menu_dishescategory_type_key; Type: CONSTRAINT; Schema: public; Owner: django
--

ALTER TABLE ONLY public.menu_dishescategory
    ADD CONSTRAINT menu_dishescategory_type_key UNIQUE (type);


--
-- Name: auth_group_name_a6ea08ec_like; Type: INDEX; Schema: public; Owner: django
--

CREATE INDEX auth_group_name_a6ea08ec_like ON public.auth_group USING btree (name varchar_pattern_ops);


--
-- Name: auth_group_permissions_group_id_b120cbf9; Type: INDEX; Schema: public; Owner: django
--

CREATE INDEX auth_group_permissions_group_id_b120cbf9 ON public.auth_group_permissions USING btree (group_id);


--
-- Name: auth_group_permissions_permission_id_84c5c92e; Type: INDEX; Schema: public; Owner: django
--

CREATE INDEX auth_group_permissions_permission_id_84c5c92e ON public.auth_group_permissions USING btree (permission_id);


--
-- Name: auth_permission_content_type_id_2f476e4b; Type: INDEX; Schema: public; Owner: django
--

CREATE INDEX auth_permission_content_type_id_2f476e4b ON public.auth_permission USING btree (content_type_id);


--
-- Name: auth_user_groups_group_id_97559544; Type: INDEX; Schema: public; Owner: django
--

CREATE INDEX auth_user_groups_group_id_97559544 ON public.auth_user_groups USING btree (group_id);


--
-- Name: auth_user_groups_user_id_6a12ed8b; Type: INDEX; Schema: public; Owner: django
--

CREATE INDEX auth_user_groups_user_id_6a12ed8b ON public.auth_user_groups USING btree (user_id);


--
-- Name: auth_user_user_permissions_permission_id_1fbb5f2c; Type: INDEX; Schema: public; Owner: django
--

CREATE INDEX auth_user_user_permissions_permission_id_1fbb5f2c ON public.auth_user_user_permissions USING btree (permission_id);


--
-- Name: auth_user_user_permissions_user_id_a95ead1b; Type: INDEX; Schema: public; Owner: django
--

CREATE INDEX auth_user_user_permissions_user_id_a95ead1b ON public.auth_user_user_permissions USING btree (user_id);


--
-- Name: auth_user_username_6821ab7c_like; Type: INDEX; Schema: public; Owner: django
--

CREATE INDEX auth_user_username_6821ab7c_like ON public.auth_user USING btree (username varchar_pattern_ops);


--
-- Name: django_admin_log_content_type_id_c4bce8eb; Type: INDEX; Schema: public; Owner: django
--

CREATE INDEX django_admin_log_content_type_id_c4bce8eb ON public.django_admin_log USING btree (content_type_id);


--
-- Name: django_admin_log_user_id_c564eba6; Type: INDEX; Schema: public; Owner: django
--

CREATE INDEX django_admin_log_user_id_c564eba6 ON public.django_admin_log USING btree (user_id);


--
-- Name: django_session_expire_date_a5c62663; Type: INDEX; Schema: public; Owner: django
--

CREATE INDEX django_session_expire_date_a5c62663 ON public.django_session USING btree (expire_date);


--
-- Name: django_session_session_key_c0390e0f_like; Type: INDEX; Schema: public; Owner: django
--

CREATE INDEX django_session_session_key_c0390e0f_like ON public.django_session USING btree (session_key varchar_pattern_ops);


--
-- Name: menu_dishes_category_id_8b7ebc82; Type: INDEX; Schema: public; Owner: django
--

CREATE INDEX menu_dishes_category_id_8b7ebc82 ON public.menu_dishes USING btree (category_id);


--
-- Name: menu_dishes_category_type_feb86068_like; Type: INDEX; Schema: public; Owner: django
--

CREATE INDEX menu_dishes_category_type_feb86068_like ON public.menu_dishes_category USING btree (type varchar_pattern_ops);


--
-- Name: menu_dishescategory_type_bbc8bc2c_like; Type: INDEX; Schema: public; Owner: django
--

CREATE INDEX menu_dishescategory_type_bbc8bc2c_like ON public.menu_dishescategory USING btree (type varchar_pattern_ops);


--
-- Name: auth_group_permissions auth_group_permissio_permission_id_84c5c92e_fk_auth_perm; Type: FK CONSTRAINT; Schema: public; Owner: django
--

ALTER TABLE ONLY public.auth_group_permissions
    ADD CONSTRAINT auth_group_permissio_permission_id_84c5c92e_fk_auth_perm FOREIGN KEY (permission_id) REFERENCES public.auth_permission(id) DEFERRABLE INITIALLY DEFERRED;


--
-- Name: auth_group_permissions auth_group_permissions_group_id_b120cbf9_fk_auth_group_id; Type: FK CONSTRAINT; Schema: public; Owner: django
--

ALTER TABLE ONLY public.auth_group_permissions
    ADD CONSTRAINT auth_group_permissions_group_id_b120cbf9_fk_auth_group_id FOREIGN KEY (group_id) REFERENCES public.auth_group(id) DEFERRABLE INITIALLY DEFERRED;


--
-- Name: auth_permission auth_permission_content_type_id_2f476e4b_fk_django_co; Type: FK CONSTRAINT; Schema: public; Owner: django
--

ALTER TABLE ONLY public.auth_permission
    ADD CONSTRAINT auth_permission_content_type_id_2f476e4b_fk_django_co FOREIGN KEY (content_type_id) REFERENCES public.django_content_type(id) DEFERRABLE INITIALLY DEFERRED;


--
-- Name: auth_user_groups auth_user_groups_group_id_97559544_fk_auth_group_id; Type: FK CONSTRAINT; Schema: public; Owner: django
--

ALTER TABLE ONLY public.auth_user_groups
    ADD CONSTRAINT auth_user_groups_group_id_97559544_fk_auth_group_id FOREIGN KEY (group_id) REFERENCES public.auth_group(id) DEFERRABLE INITIALLY DEFERRED;


--
-- Name: auth_user_groups auth_user_groups_user_id_6a12ed8b_fk_auth_user_id; Type: FK CONSTRAINT; Schema: public; Owner: django
--

ALTER TABLE ONLY public.auth_user_groups
    ADD CONSTRAINT auth_user_groups_user_id_6a12ed8b_fk_auth_user_id FOREIGN KEY (user_id) REFERENCES public.auth_user(id) DEFERRABLE INITIALLY DEFERRED;


--
-- Name: auth_user_user_permissions auth_user_user_permi_permission_id_1fbb5f2c_fk_auth_perm; Type: FK CONSTRAINT; Schema: public; Owner: django
--

ALTER TABLE ONLY public.auth_user_user_permissions
    ADD CONSTRAINT auth_user_user_permi_permission_id_1fbb5f2c_fk_auth_perm FOREIGN KEY (permission_id) REFERENCES public.auth_permission(id) DEFERRABLE INITIALLY DEFERRED;


--
-- Name: auth_user_user_permissions auth_user_user_permissions_user_id_a95ead1b_fk_auth_user_id; Type: FK CONSTRAINT; Schema: public; Owner: django
--

ALTER TABLE ONLY public.auth_user_user_permissions
    ADD CONSTRAINT auth_user_user_permissions_user_id_a95ead1b_fk_auth_user_id FOREIGN KEY (user_id) REFERENCES public.auth_user(id) DEFERRABLE INITIALLY DEFERRED;


--
-- Name: django_admin_log django_admin_log_content_type_id_c4bce8eb_fk_django_co; Type: FK CONSTRAINT; Schema: public; Owner: django
--

ALTER TABLE ONLY public.django_admin_log
    ADD CONSTRAINT django_admin_log_content_type_id_c4bce8eb_fk_django_co FOREIGN KEY (content_type_id) REFERENCES public.django_content_type(id) DEFERRABLE INITIALLY DEFERRED;


--
-- Name: django_admin_log django_admin_log_user_id_c564eba6_fk_auth_user_id; Type: FK CONSTRAINT; Schema: public; Owner: django
--

ALTER TABLE ONLY public.django_admin_log
    ADD CONSTRAINT django_admin_log_user_id_c564eba6_fk_auth_user_id FOREIGN KEY (user_id) REFERENCES public.auth_user(id) DEFERRABLE INITIALLY DEFERRED;


--
-- Name: menu_dishes menu_dishes_category_id_8b7ebc82_fk_menu_dishes_category_id; Type: FK CONSTRAINT; Schema: public; Owner: django
--

ALTER TABLE ONLY public.menu_dishes
    ADD CONSTRAINT menu_dishes_category_id_8b7ebc82_fk_menu_dishes_category_id FOREIGN KEY (category_id) REFERENCES public.menu_dishes_category(id) DEFERRABLE INITIALLY DEFERRED;


--
-- PostgreSQL database dump complete
--

